"","title","hit","url_val"
"1",function (main = NULL, sub = NULL, xlab = NULL, ylab = NULL, line = NA, outer = FALSE, ...) 
{
    main <- as.graphicsAnnot(main)
    sub <- as.graphicsAnnot(sub)
    xlab <- as.graphicsAnnot(xlab)
    ylab <- as.graphicsAnnot(ylab)
    .External.graphics(C_title, main, sub, xlab, ylab, line, outer, ...)
    invisible()
},597.9 k,https://www.clien.net/service/board/park/14739927?od=T31&po=0&category=&groupCd=community
"2",function (main = NULL, sub = NULL, xlab = NULL, ylab = NULL, line = NA, outer = FALSE, ...) 
{
    main <- as.graphicsAnnot(main)
    sub <- as.graphicsAnnot(sub)
    xlab <- as.graphicsAnnot(xlab)
    ylab <- as.graphicsAnnot(ylab)
    .External.graphics(C_title, main, sub, xlab, ylab, line, outer, ...)
    invisible()
},155,https://www.clien.net/service/board/park/14739926?od=T31&po=0&category=&groupCd=community
"3",function (main = NULL, sub = NULL, xlab = NULL, ylab = NULL, line = NA, outer = FALSE, ...) 
{
    main <- as.graphicsAnnot(main)
    sub <- as.graphicsAnnot(sub)
    xlab <- as.graphicsAnnot(xlab)
    ylab <- as.graphicsAnnot(ylab)
    .External.graphics(C_title, main, sub, xlab, ylab, line, outer, ...)
    invisible()
},124,https://www.clien.net/service/board/park/14739925?od=T31&po=0&category=&groupCd=community
"4",function (main = NULL, sub = NULL, xlab = NULL, ylab = NULL, line = NA, outer = FALSE, ...) 
{
    main <- as.graphicsAnnot(main)
    sub <- as.graphicsAnnot(sub)
    xlab <- as.graphicsAnnot(xlab)
    ylab <- as.graphicsAnnot(ylab)
    .External.graphics(C_title, main, sub, xlab, ylab, line, outer, ...)
    invisible()
},107,https://www.clien.net/service/board/park/14739923?od=T31&po=0&category=&groupCd=community
"5",function (main = NULL, sub = NULL, xlab = NULL, ylab = NULL, line = NA, outer = FALSE, ...) 
{
    main <- as.graphicsAnnot(main)
    sub <- as.graphicsAnnot(sub)
    xlab <- as.graphicsAnnot(xlab)
    ylab <- as.graphicsAnnot(ylab)
    .External.graphics(C_title, main, sub, xlab, ylab, line, outer, ...)
    invisible()
},192,https://www.clien.net/service/board/park/14739922?od=T31&po=0&category=&groupCd=community
"6",function (main = NULL, sub = NULL, xlab = NULL, ylab = NULL, line = NA, outer = FALSE, ...) 
{
    main <- as.graphicsAnnot(main)
    sub <- as.graphicsAnnot(sub)
    xlab <- as.graphicsAnnot(xlab)
    ylab <- as.graphicsAnnot(ylab)
    .External.graphics(C_title, main, sub, xlab, ylab, line, outer, ...)
    invisible()
},157,https://www.clien.net/service/board/park/14739921?od=T31&po=0&category=&groupCd=community
"7",function (main = NULL, sub = NULL, xlab = NULL, ylab = NULL, line = NA, outer = FALSE, ...) 
{
    main <- as.graphicsAnnot(main)
    sub <- as.graphicsAnnot(sub)
    xlab <- as.graphicsAnnot(xlab)
    ylab <- as.graphicsAnnot(ylab)
    .External.graphics(C_title, main, sub, xlab, ylab, line, outer, ...)
    invisible()
},98,https://www.clien.net/service/board/park/14739920?od=T31&po=0&category=&groupCd=community
"8",function (main = NULL, sub = NULL, xlab = NULL, ylab = NULL, line = NA, outer = FALSE, ...) 
{
    main <- as.graphicsAnnot(main)
    sub <- as.graphicsAnnot(sub)
    xlab <- as.graphicsAnnot(xlab)
    ylab <- as.graphicsAnnot(ylab)
    .External.graphics(C_title, main, sub, xlab, ylab, line, outer, ...)
    invisible()
},82,https://www.clien.net/service/board/park/14739919?od=T31&po=0&category=&groupCd=community
"9",function (main = NULL, sub = NULL, xlab = NULL, ylab = NULL, line = NA, outer = FALSE, ...) 
{
    main <- as.graphicsAnnot(main)
    sub <- as.graphicsAnnot(sub)
    xlab <- as.graphicsAnnot(xlab)
    ylab <- as.graphicsAnnot(ylab)
    .External.graphics(C_title, main, sub, xlab, ylab, line, outer, ...)
    invisible()
},809,https://www.clien.net/service/board/park/14739918?od=T31&po=0&category=&groupCd=community
"10",function (main = NULL, sub = NULL, xlab = NULL, ylab = NULL, line = NA, outer = FALSE, ...) 
{
    main <- as.graphicsAnnot(main)
    sub <- as.graphicsAnnot(sub)
    xlab <- as.graphicsAnnot(xlab)
    ylab <- as.graphicsAnnot(ylab)
    .External.graphics(C_title, main, sub, xlab, ylab, line, outer, ...)
    invisible()
},669,https://www.clien.net/service/board/park/14739917?od=T31&po=0&category=&groupCd=community
"11",function (main = NULL, sub = NULL, xlab = NULL, ylab = NULL, line = NA, outer = FALSE, ...) 
{
    main <- as.graphicsAnnot(main)
    sub <- as.graphicsAnnot(sub)
    xlab <- as.graphicsAnnot(xlab)
    ylab <- as.graphicsAnnot(ylab)
    .External.graphics(C_title, main, sub, xlab, ylab, line, outer, ...)
    invisible()
},1638,https://www.clien.net/service/board/park/14739915?od=T31&po=0&category=&groupCd=community
"12",function (main = NULL, sub = NULL, xlab = NULL, ylab = NULL, line = NA, outer = FALSE, ...) 
{
    main <- as.graphicsAnnot(main)
    sub <- as.graphicsAnnot(sub)
    xlab <- as.graphicsAnnot(xlab)
    ylab <- as.graphicsAnnot(ylab)
    .External.graphics(C_title, main, sub, xlab, ylab, line, outer, ...)
    invisible()
},276,https://www.clien.net/service/board/kin/14739914?od=T31&po=0&category=&groupCd=community
"13",function (main = NULL, sub = NULL, xlab = NULL, ylab = NULL, line = NA, outer = FALSE, ...) 
{
    main <- as.graphicsAnnot(main)
    sub <- as.graphicsAnnot(sub)
    xlab <- as.graphicsAnnot(xlab)
    ylab <- as.graphicsAnnot(ylab)
    .External.graphics(C_title, main, sub, xlab, ylab, line, outer, ...)
    invisible()
},20,https://www.clien.net/service/board/park/14739912?od=T31&po=0&category=&groupCd=community
"14",function (main = NULL, sub = NULL, xlab = NULL, ylab = NULL, line = NA, outer = FALSE, ...) 
{
    main <- as.graphicsAnnot(main)
    sub <- as.graphicsAnnot(sub)
    xlab <- as.graphicsAnnot(xlab)
    ylab <- as.graphicsAnnot(ylab)
    .External.graphics(C_title, main, sub, xlab, ylab, line, outer, ...)
    invisible()
},250,https://www.clien.net/service/board/park/14739911?od=T31&po=0&category=&groupCd=community
"15",function (main = NULL, sub = NULL, xlab = NULL, ylab = NULL, line = NA, outer = FALSE, ...) 
{
    main <- as.graphicsAnnot(main)
    sub <- as.graphicsAnnot(sub)
    xlab <- as.graphicsAnnot(xlab)
    ylab <- as.graphicsAnnot(ylab)
    .External.graphics(C_title, main, sub, xlab, ylab, line, outer, ...)
    invisible()
},735,https://www.clien.net/service/board/park/14739910?od=T31&po=0&category=&groupCd=community
"16",function (main = NULL, sub = NULL, xlab = NULL, ylab = NULL, line = NA, outer = FALSE, ...) 
{
    main <- as.graphicsAnnot(main)
    sub <- as.graphicsAnnot(sub)
    xlab <- as.graphicsAnnot(xlab)
    ylab <- as.graphicsAnnot(ylab)
    .External.graphics(C_title, main, sub, xlab, ylab, line, outer, ...)
    invisible()
},198,https://www.clien.net/service/board/kin/14739909?od=T31&po=0&category=&groupCd=community
"17",function (main = NULL, sub = NULL, xlab = NULL, ylab = NULL, line = NA, outer = FALSE, ...) 
{
    main <- as.graphicsAnnot(main)
    sub <- as.graphicsAnnot(sub)
    xlab <- as.graphicsAnnot(xlab)
    ylab <- as.graphicsAnnot(ylab)
    .External.graphics(C_title, main, sub, xlab, ylab, line, outer, ...)
    invisible()
},14,https://www.clien.net/service/board/park/14739907?od=T31&po=0&category=&groupCd=community
"18",function (main = NULL, sub = NULL, xlab = NULL, ylab = NULL, line = NA, outer = FALSE, ...) 
{
    main <- as.graphicsAnnot(main)
    sub <- as.graphicsAnnot(sub)
    xlab <- as.graphicsAnnot(xlab)
    ylab <- as.graphicsAnnot(ylab)
    .External.graphics(C_title, main, sub, xlab, ylab, line, outer, ...)
    invisible()
},1521,https://www.clien.net/service/board/park/14739905?od=T31&po=0&category=&groupCd=community
"19",function (main = NULL, sub = NULL, xlab = NULL, ylab = NULL, line = NA, outer = FALSE, ...) 
{
    main <- as.graphicsAnnot(main)
    sub <- as.graphicsAnnot(sub)
    xlab <- as.graphicsAnnot(xlab)
    ylab <- as.graphicsAnnot(ylab)
    .External.graphics(C_title, main, sub, xlab, ylab, line, outer, ...)
    invisible()
},430,https://www.clien.net/service/board/park/14739904?od=T31&po=0&category=&groupCd=community
"20",function (main = NULL, sub = NULL, xlab = NULL, ylab = NULL, line = NA, outer = FALSE, ...) 
{
    main <- as.graphicsAnnot(main)
    sub <- as.graphicsAnnot(sub)
    xlab <- as.graphicsAnnot(xlab)
    ylab <- as.graphicsAnnot(ylab)
    .External.graphics(C_title, main, sub, xlab, ylab, line, outer, ...)
    invisible()
},761,https://www.clien.net/service/board/park/14739903?od=T31&po=0&category=&groupCd=community
"21",function (main = NULL, sub = NULL, xlab = NULL, ylab = NULL, line = NA, outer = FALSE, ...) 
{
    main <- as.graphicsAnnot(main)
    sub <- as.graphicsAnnot(sub)
    xlab <- as.graphicsAnnot(xlab)
    ylab <- as.graphicsAnnot(ylab)
    .External.graphics(C_title, main, sub, xlab, ylab, line, outer, ...)
    invisible()
},2621,https://www.clien.net/service/board/park/14739902?od=T31&po=0&category=&groupCd=community
"22",function (main = NULL, sub = NULL, xlab = NULL, ylab = NULL, line = NA, outer = FALSE, ...) 
{
    main <- as.graphicsAnnot(main)
    sub <- as.graphicsAnnot(sub)
    xlab <- as.graphicsAnnot(xlab)
    ylab <- as.graphicsAnnot(ylab)
    .External.graphics(C_title, main, sub, xlab, ylab, line, outer, ...)
    invisible()
},1773,https://www.clien.net/service/board/park/14739901?od=T31&po=0&category=&groupCd=community
"23",function (main = NULL, sub = NULL, xlab = NULL, ylab = NULL, line = NA, outer = FALSE, ...) 
{
    main <- as.graphicsAnnot(main)
    sub <- as.graphicsAnnot(sub)
    xlab <- as.graphicsAnnot(xlab)
    ylab <- as.graphicsAnnot(ylab)
    .External.graphics(C_title, main, sub, xlab, ylab, line, outer, ...)
    invisible()
},395,https://www.clien.net/service/board/park/14739900?od=T31&po=0&category=&groupCd=community
"24",function (main = NULL, sub = NULL, xlab = NULL, ylab = NULL, line = NA, outer = FALSE, ...) 
{
    main <- as.graphicsAnnot(main)
    sub <- as.graphicsAnnot(sub)
    xlab <- as.graphicsAnnot(xlab)
    ylab <- as.graphicsAnnot(ylab)
    .External.graphics(C_title, main, sub, xlab, ylab, line, outer, ...)
    invisible()
},994,https://www.clien.net/service/board/park/14739898?od=T31&po=0&category=&groupCd=community
"25",function (main = NULL, sub = NULL, xlab = NULL, ylab = NULL, line = NA, outer = FALSE, ...) 
{
    main <- as.graphicsAnnot(main)
    sub <- as.graphicsAnnot(sub)
    xlab <- as.graphicsAnnot(xlab)
    ylab <- as.graphicsAnnot(ylab)
    .External.graphics(C_title, main, sub, xlab, ylab, line, outer, ...)
    invisible()
},1465,https://www.clien.net/service/board/park/14739897?od=T31&po=0&category=&groupCd=community
"26",function (main = NULL, sub = NULL, xlab = NULL, ylab = NULL, line = NA, outer = FALSE, ...) 
{
    main <- as.graphicsAnnot(main)
    sub <- as.graphicsAnnot(sub)
    xlab <- as.graphicsAnnot(xlab)
    ylab <- as.graphicsAnnot(ylab)
    .External.graphics(C_title, main, sub, xlab, ylab, line, outer, ...)
    invisible()
},4635,https://www.clien.net/service/board/park/14739896?od=T31&po=0&category=&groupCd=community
"27",function (main = NULL, sub = NULL, xlab = NULL, ylab = NULL, line = NA, outer = FALSE, ...) 
{
    main <- as.graphicsAnnot(main)
    sub <- as.graphicsAnnot(sub)
    xlab <- as.graphicsAnnot(xlab)
    ylab <- as.graphicsAnnot(ylab)
    .External.graphics(C_title, main, sub, xlab, ylab, line, outer, ...)
    invisible()
},2069,https://www.clien.net/service/board/park/14739895?od=T31&po=0&category=&groupCd=community
"28",function (main = NULL, sub = NULL, xlab = NULL, ylab = NULL, line = NA, outer = FALSE, ...) 
{
    main <- as.graphicsAnnot(main)
    sub <- as.graphicsAnnot(sub)
    xlab <- as.graphicsAnnot(xlab)
    ylab <- as.graphicsAnnot(ylab)
    .External.graphics(C_title, main, sub, xlab, ylab, line, outer, ...)
    invisible()
},1121,https://www.clien.net/service/board/park/14739894?od=T31&po=0&category=&groupCd=community
"29",function (main = NULL, sub = NULL, xlab = NULL, ylab = NULL, line = NA, outer = FALSE, ...) 
{
    main <- as.graphicsAnnot(main)
    sub <- as.graphicsAnnot(sub)
    xlab <- as.graphicsAnnot(xlab)
    ylab <- as.graphicsAnnot(ylab)
    .External.graphics(C_title, main, sub, xlab, ylab, line, outer, ...)
    invisible()
},741,https://www.clien.net/service/board/park/14739893?od=T31&po=0&category=&groupCd=community
"30",function (main = NULL, sub = NULL, xlab = NULL, ylab = NULL, line = NA, outer = FALSE, ...) 
{
    main <- as.graphicsAnnot(main)
    sub <- as.graphicsAnnot(sub)
    xlab <- as.graphicsAnnot(xlab)
    ylab <- as.graphicsAnnot(ylab)
    .External.graphics(C_title, main, sub, xlab, ylab, line, outer, ...)
    invisible()
},827,https://www.clien.net/service/board/park/14739891?od=T31&po=0&category=&groupCd=community
"31",function (main = NULL, sub = NULL, xlab = NULL, ylab = NULL, line = NA, outer = FALSE, ...) 
{
    main <- as.graphicsAnnot(main)
    sub <- as.graphicsAnnot(sub)
    xlab <- as.graphicsAnnot(xlab)
    ylab <- as.graphicsAnnot(ylab)
    .External.graphics(C_title, main, sub, xlab, ylab, line, outer, ...)
    invisible()
},411,https://www.clien.net/service/board/park/14739927?od=T31&po=0&category=&groupCd=community
